<modification>
	<id>VQMOD CORE FOR OPENCART FORMCREATOR Advanced</id>
	<version>1.5.5.1</version>
	<vqmver>3</vqmver>
	<author>leopediastore.com</author>
	<!-- Front End -->
	
	<file name="catalog/controller/common/footer.php">
		<operation error="skip">
			<search position="after" offset=""><![CDATA[
                            $this->language->load('common/footer');
			]]></search>
			<add><![CDATA[
                         $this->load->model('catalog/creator');
			$forms = $this->model_catalog_creator->getActiveForms();
			if(isset($forms)) foreach($forms as &$form){
			$form['url'] = $this->url->link('information/creator','form_id='.$form['form_id']);
			}
			$this->data['forms'] = $forms;
			]]></add>
		</operation>
	</file>		
	<file name="catalog/view/theme/*/template/common/footer.tpl">
		<operation error="skip">
			<search position="before"><![CDATA[
    		<li><a href="<?php echo $contact; ?>"><?php echo $text_contact; ?></a></li>
			]]></search>
			<add><![CDATA[
                     	<?php if(isset($forms)) foreach($forms as $form){?>
			<li> <a href="<?php echo $form['url']?>"><?php echo $form['title']; ?></a></li>
			<?php }?>
                     	]]></add>
		</operation>
	</file>
		
     	<file name="admin/controller/common/header.php">
		<operation error="skip">
			<search position="after" offset=""><![CDATA[
			$this->data['home'] = $this->url->link('common/home', 'token=' . $this->session->data['token'], 'SSL');
			]]></search>
			<add><![CDATA[
                      	$this->data['form'] = $this->url->link('frmcreator/creator', 'token=' . $this->session->data['token'], 'SSL');

			]]></add>
		</operation>
	</file>	
	<file name="admin/view/template/common/header.tpl">
		<operation error="skip">
			<search position="after"><![CDATA[
                        <li><a href="<?php echo $module; ?>"><?php echo $text_module; ?></a></li>
			]]></search>
			<add><![CDATA[
                        <li><a href="<?php echo $form ?>">Form Creator</a> </li>

			]]></add>
		</operation>
	</file>
        
        <file name="catalog/controller/common/seo_url.php">
		<operation error="skip">
			<search position="after" offset="1"><![CDATA[
                        $this->request->get['information_id'] = $url[1];
                        ]]></search>
			<add><![CDATA[
                            if ($url[0] == 'form_id') {
                                    $this->request->get['form_id'] = $url[1];
                            }	
			]]></add>
		</operation>
                <operation error="skip">
			<search position="after" offset="2"><![CDATA[
                        $this->request->get['route'] = 'information/information';
                        ]]></search>
			<add><![CDATA[
                        elseif (isset($this->request->get['form_id'])) {
                            $this->request->get['route'] = 'information/creator';
                        }
			]]></add>
		</operation>
                 <operation error="skip">
			<search position="after" offset="12"><![CDATA[
                        } elseif ($key == 'path') {
                        ]]></search>
			<add><![CDATA[
                        else if ($data['route'] == 'information/creator' && $key == 'form_id') { 
						$query = $this->db->query("SELECT * FROM " . DB_PREFIX . "url_alias WHERE `query` = '" . $this->db->escape($key . '=' . (int)$value) . "'");
					
						if ($query->num_rows) {
							$url .= '/' . $query->row['keyword'];
							
							unset($data[$key]);
						}					
					}
			]]></add>
		</operation>
	</file>	
        
</modification>